Nombre;Zona;Dirección 2;Dirección;Localidad;Concejo;Código Postal;Teléfono;Email;Web;Facebook;Twitter;Instagram;TikTok;Youtube;Abierto todo el año;Apertura;Horario;Más información;Visitas guiadas;Exposiciones;Observaciones;QCalidad;Información y normas para mascotas;Coordenadas;Slide;Título;Url;Limitación del tamaño/peso de la mascota;Se admiten P.P.P - Perros potencialmente peligrosos;Número máximo de perros por persona;Cupo máximo de perros en el interior;Acceso al interior;Acceso a terraza o zona exterior;Admiten otras mascotas además de perros;Otras mascotas permitidas;Detalle de las normas específicas
Oficina de turismo de Cabrales;;Plaza de los Cuatro Caños;Plaza de los Cuatro Caños;Arenas;Cabrales;33554;985 846 484;oficinadeturismo@cabrales.es;https://www.cabrales.es;;;;;;No;Abril a noviembre;Abril a noviembre:  Miércoles a domingo: 10:00 a 14:00 y 16:00 a 19:00 h. Cerrado: lunes, martes, 21 y 22 de septiembre  ;;;;;;;43.30318,-4.81751;/documents/39908/46950/Cabrales.jpg/f9092eb9-ef4e-1e21-114d-e87dfee50879?t=1674175543635;Cabrales;;;;;;;;;;
Oficina de turismo de Siero;Centro de Asturias;Palacio Marqués de Santa Cruz. Alcalde Parrondo, s/n;Palacio Marqués de Santa Cruz. Alcalde Parrondo, s/n;Pola de Siero;Siero;33510;985 725 424 (Ayuntamiento);turismo@ayto-siero.es;https://www.ayto-siero.es/;;;;;;;;Consultar;;;;;;;43.390088,-5.663658;/documents/39908/47064/OTSiero.jpg/2b792111-0510-f10a-7a6c-4da64bff7835?t=1674175580254;Exterior de la Oficina de Turismo de Siero;;;;;;;;;;
Oficina de turismo de Lena;Centro de Asturias;Marqués de San Feliz, 2;Marqués de San Feliz, 2;La Pola;Lena;33630;985 497 608;turismo@aytolena.es;https://www.aytolena.es/;https://www.facebook.com/OficinaTurismoLena;;https://www.instagram.com/turismolena;;;Si;;17/06 a 15/09 Martes a viernes: 10:00 a 13:00 y 16:00 a 18:00 h. Sábados: 10:00 a 13:00 y 16:30 a 18:00 h. Domingos: 10:00 a 13:00 h.;;;;;;;43.160709,-5.827519;/documents/39908/44325/OficinaTurismo1.jpg/0230718f-905e-1f18-8f31-c19332cc4fc6?t=1674173326194;logo;;;;;;;;;;Perros siempre atados o en transportín. PPP con bozal.  
Oficina de turismo de Cangas del Narcea;Occidente de Asturias;Palacio de Omaña. Plaza La Oliva;Palacio de Omaña. Plaza La Oliva;Cangas del Narcea;Cangas del Narcea;33800;985 811 498;turismo@ayto-cnarcea.es;https://www.ayto-cnarcea.es/oficina-de-turismo;https://www.facebook.com/NarceaTurismo;https://www.instagram.com/narcea_turismo;;;;Si;;Martes a viernes: 11:00 a 14:00 y 16:00 a 18:30 h.  Sábados y domingos: 11:00 a 14:00 h.  Cerrado: lunes, 24, 25, 31 diciembre, 01/01 a 01/02;;;;;;;43.177134,-6.551716;/documents/39908/46956/OT+Cangas+del+Narcea.jpg/ca5b9b83-9f01-b675-852d-1c3201528a94?t=1674175546186;OT Cangas del Narcea - Palacio de Omaña;;;;;;;;;;
Punto de información turística en La Escalerona;Centro de Asturias;Playa de San Lorenzo. Escalera 4;Playa de San Lorenzo. Escalera 4;Gijón/Xixón;Gijón;33202;985 341 771;turismo@gijon.es;https://www.gijon.es/es,;;https://twitter.com/gijon;https://www.instagram.com/gijon/?hl=es;;;No;;Consultar horario aquí;;;;;true;;43.542311,-5.659271;/documents/39908/46977/PIT_la-escalerona.jpg/f120d9b7-0485-969c-af02-d786d85224d3?t=1674175554173;Punto de información turística en La Escalerona;;;;;;;;;;Atados, con bozal las razas que la ley exige y respetando las indicaciones del personal.
Oficina de turismo de Ibias;Oriente de Asturias;Aula de la Naturaleza;Aula de la Naturaleza;San Antolín;Ibias;33810;615 164 329;turismo@ibias.es;https://www.ibias.es/;;;;;;;;Consultar  ;;;;;;;43.039615,-6.872325;/documents/39908/47037/Palloza_Ibias.jpg/4bfc4966-c6b3-2137-1924-a60e4158b15d?t=1674175570653;Centro Interpretación Palloza de Ibias;;;;;;;;;;
Oficina de turismo de Villayón;Occidente de Asturias;Oneta;Oneta;Villayón;Villayón;33717;681 160 058 / 985 625 051 (Ayto);turismo@villayon.es,villayon@villayon.es;https://www.villayon.es/;;;;;;No;;01/07 a 30/09: 11:00 a 19:00 h.;;;;;;;43.465488,-6.66749;/documents/39908/44325/OficinaTurismo1.jpg/0230718f-905e-1f18-8f31-c19332cc4fc6?t=1674173326194;logo;;Hasta 7 Kg;No;Sin limitación;;Si;Si;Si;Sólo animales domésticos;
Oficina de turismo de Peñamellera Baja;Oriente de Asturias;Bº de la Bolera, 1 (Museo de los Bolos);Bº de la Bolera, 1 (Museo de los Bolos);Panes;Peñamellera Baja;33570;985 414 417 / 985 414 008 (Ayto: lunes a viernes de 10:00 a 14:00h);ayuntamiento@aytopbpanes.es,turismo@aytopbpanes.es;https://www.aytopbpanes.es/;;;;;;No;Semana Santa y verano;;;;;;;;43.321792,-4.583721;/documents/39908/44325/OficinaTurismo1.jpg/0230718f-905e-1f18-8f31-c19332cc4fc6?t=1674173326194;logo;;;;;;;;;;
Oficina de turismo de Tineo;Occidente de Asturias;Plaza El Fontán, 22;Plaza El Fontán, 22;Tinéu;Tineo;33870;985 900 202;turismo@tineo.es;https://www.tineo.es/;https://www.facebook.com/TurismoTineo;https://twitter.com/TurismoTineo;https://www.instagram.com/turismotineo/?hl=es;;;Si;;01/06 a 31/08: Martes a Domingo: 10:30 a 14:30 y 15:30 a 18:30 h. Cerrado: lunes Resto del año: Lunes a Viernes: 10:00 a 15:00 h. Cerrado: sábado y domingo;;;;;;;43.335034,-6.415051;/documents/39908/47046/tineo.jpg/59b097a7-f61c-a5e2-c002-8eef88b47bbf?t=1674175574291;Oficina de turismo de Tineo;;;;;;;;;;Mascota siempre atadas.
Oficina de turismo de Belmonte de Miranda;Centro de Asturias;Avda. del Parque, 4;;Belmonte/Balmonte;Belmonte de Miranda;33830;985 762 311 / 690 875 551;info@belmontedemiranda.com;https://www.belmontedemiranda.es/turismo,https://www.turismobelmontedemiranda.es;;;;;;Si;;Jueves a lunes: 8:30 a 15:30 h.  Cerrado: martes, miércoles y 31/01 a 06/02;;;;;;;43.283016,-6.218198;/documents/39908/46995/OIT-Belmonte-de-Miranda.jpg/4c26ab7d-b6f0-6b3f-3986-a7b33a9ebf1f?t=1674175559594;Oficina de turismo de Belmonte de Miranda;;Sin limitación;Si;3;3;Si;Si;Si;gatos, urones y similar;Perros siempre atados.
Oficina de turismo de Colunga;Oriente de Asturias;Plaza de la Iglesia;Plaza de la Iglesia;Colunga;Colunga;33320;985 852 200;info@colunga.es;https://www.turismocolunga.es/,https://www.turismocolunga.es/;;;;;;Si;;Miércoles a sábado: 10:00 a 14:30 y 15:30 a 18:00 h. Domingos: 10:00 a 14:30 h. Cerrado: lunes y martes (excepto puentes y festivos);;;;;;;43.48517,-5.270783;/documents/39908/47067/OT_Colunga.jpg/c68f9226-b193-770e-75dd-ea4ebb4ee76f?t=1674175580880;logo;;Sin limitación;Si;Sin limitación;No;Si;;Si;Gatos y similares;Recuerda que hay algunas personas que temen o les causan alergia los animales, por lo que te agradeceremos que lo entiendas y evites molestias o situaciones incómodas. Acuérdate siempre de llevar a tu mascota sujeta con correa y cerca de ti, e incluso si su tamaño lo permite es buena idea que la portes en brazos o con un transportín. Además, si muestra una actitud agresiva, o pertenece a una raza PPP, deberás ponerle el bozal. Es necesario que cumplas con la normativa vigente para la posesión y transporte de tu mascota en especial lo referente a su identificación y condiciones sanitarias. La tenencia y circulación de mascotas de razas o especies potencialmente peligrosas se rige por una normativa específica y más restrictiva, asegúrate de consultarla antes de visitarnos. Si tu mascota se hace pipí o caca recuerda que tendrás que recoger sus deposiciones. Deberás asegurarte de su integridad durante la visita y además vigilarás que no ocasione daños, o desperfectos, a las instalaciones o al entorno.  
Oficina de turismo de Somiedo;Centro de Asturias;Narciso H. Vaquero;Narciso H. Vaquero;La Pola de Somiedo;Somiedo;33840;985 763 758 / 985 763 649;murias_chongas@yahoo.es;https://www.somiedo.es/turismo;;;;;;Si;;01/06 a 30/09: Lunes a domingo: 10:00 a 14:00 y 15:00 a 18:30 h. Resto del año: Martes a sábado: 10:00 a 14:00 y 15:00 a 18:30 h. Domingo: 10:00 a 14:00 h. Cerrado: lunes;;;;;;;43.093196,-6.257499;/documents/39908/44325/OficinaTurismo1.jpg/0230718f-905e-1f18-8f31-c19332cc4fc6?t=1674173326194;logo;;;;;;;;;;
Oficina de turismo de Nava;Oriente de Asturias;Plaza José Vicente Ordóñez Noriega 'Pepe El Turrau';Plaza José Vicente Ordóñez Noriega 'Pepe El Turrau';Nava;Nava;33520;985 717 477;turnava@lacomarcadelasidra.com;https://www.lacomarcadelasidra.com/;;;;;;Si;;Otoño e invierno: Martes a sábado: 10:00 a 14:00 h. Cerrado: domingo y lunes Primavera y verano: Miércoles a domingo: 10:00 a 14:30 y 15:30 a 18:00 h. Cerrado: lunes y martes ;;;;;;;43.358301,-5.504945;/documents/39908/46923/Nava.jpg/7391aa74-0c8f-5312-cdc6-93abed7f5288?t=1674175534711;Plaza de Nava;;Sin limitación;Si;Sin limitación;;Si;Si;Si;Sólo animales domésticos;Recuerda que hay algunas personas que temen o les causan alergia los animales, por lo que te agradeceremos que lo entiendas y evites molestias o situaciones incómodas. Acuérdate siempre de llevar a tu mascota sujeta con correa y cerca de tí, e incluso si su tamaño lo permite es buena idea que la portes en brazos o con un transportin. Además, si muestra una actitud agresiva, o pertenece a una raza PPP, deberás ponerle el bozal. Es necesario que cumplas con la normativa vigente para la posesión y transporte de tu mascota en especial lo referente a su identificación y condiciones sanitarias. La tenencia y circulación de mascotas de razas o especies potencialmente peligrosas se rige por una normativa específica y más restrictiva, asegúrate de consultarla antes de visitarnos. Si tu mascota se hace pipí o caca recuerda que tendrás que recoger sus deposiciones. Deberás asegurarte de su integridad durante la visita y además vigilarás que no ocasione daños, o desperfectos, a las instalaciones o al entorno.
Oficina de turismo de San Tirso de Abres;Occidente de Asturias;Regada;Regada;O Chao;San Tirso de Abres;33774;985 476 407;santirsotur2@hotmail.com,administracion@santirsodeabres.es;https://www.santirsodeabres.es/;;;;;;No;;01/07 a 31/08: Lunes a domingo: 10:00 a 16:00 h.;;;;;;;43.410722,-7.143035;/documents/39908/44325/OficinaTurismo1.jpg/0230718f-905e-1f18-8f31-c19332cc4fc6?t=1674173326194;logo;;;;;;;;;;
Oficina de turismo de Boal;Occidente de Asturias;Avda. de Asturias, 1 (Casa de Cultura);Avda. de Asturias, 1 (Casa de Cultura);Bual;Boal;33720;985 620 046;oficinadeturismo@boal.es;https://www.boal.es/;;;;;;No;;01/07 a 31/10: Martes a sábado: 10:30 a 14:30 y 15:30 a 18:00 h. Domingo: 11:00 a 14:00 h.;;;;;;;43.427918,-6.819940;/documents/39908/44325/OficinaTurismo1.jpg/0230718f-905e-1f18-8f31-c19332cc4fc6?t=1674173326194;Oficina de Turismo de Boal;;;;;;;;;;
Oficina de Turismo de Piedras Blancas;Centro de Asturias;Plaza Europa, 1;Plaza Europa, 1;Piedrasblancas;Castrillón;33450;985 507 677;oitpiedrasblancas@ayto-castrillon.es;https://www.castrillonturismo.es/castrillon/;https://www.facebook.com/turismodecastrillon/;;https://www.instagram.com/turismocastrillon/;;;Si;;Enero a diciembre: Lunes a viernes:  8:00 a 15:00 h.;;;;;;;43.559486, -5.977221;/documents/39908/47085/Oficina-de-Informaci%C3%B3n-Tur%C3%ADstica-de-Piedras-Blancas.jpg/4ab993c8-0036-8522-c058-d0935f58a5f8?t=1674175585325;Oficina de Turismo de Piedras Blancas (Castrillón);;;;;;;;;;
Oficina de Turismo del Aeropuerto de Asturias;Centro de Asturias;Aeropuerto de Asturias;Aeropuerto de Asturias;Santiagu'l Monte;Castrillón;33459;985 122 553;aeropuerto@turismoycultura.asturias.es;https://www.turismoasturias.es;https://www.facebook.com/TurismoAsturias;https://twitter.com/TurismoAsturias;https://www.instagram.com/turismoasturias;;;Si;;Lunes a sábado: 11:00 a 16:30 y 17:00 a 20:30 h. Domingos: 11:00 a 16:30 y 17:00 a 17:45 h.;;;;;;;43.559432, -6.032647;/documents/39908/47094/OT_Aeropuerto.jpg/e294313c-062a-da07-cea4-35b5d75937c8?t=1674175588392;Centro de Información Turística del Aeropuerto de Asturias;;;;;;;;;;
Oficina de Turismo de Luanco;Centro de Asturias;C/ de Gijón, 8 (Museo Marítimo de Asturias);C/ de Gijón, 8 (Museo Marítimo de Asturias);Lluanco/Luanco;Gozón;33440;985 882 644;turismo@ayto-gozon.org;https://www.ayto-gozon.org/;;;;;;Si;;Lunes a sábado: 11:00 a 14:00 y 17:00 a 20:00 h. Domingos: 11:00 a 14:00 h. (hasta nuevo aviso);;;;;;;43.616007,-5.789743;/documents/39908/47043/oficina-muma-11.jpg/4ec11289-7f34-4f99-a99c-526df6da4b12?t=1674175572746;Oficina de Turismo de Luanco;;;;;;;;;;
Oficina de Turismo de Llanera;Centro de Asturias;Avda. de Oviedo 2;Avda. de Oviedo 2;Posada;Llanera;33424;984 183 842 / 985 770 007 (Ayto);turismo@llanera.es;;;;;;;;;Consultar;;;;;;;43.439739,-5.850226;/documents/39908/44325/OficinaTurismo1.jpg/0230718f-905e-1f18-8f31-c19332cc4fc6?t=1674173326194;logo;;;;;;;;;;
Oficina de turismo de Santa Eulalia de Oscos;Occidente de Asturias;Plaza de Sargadelos;Plaza de Sargadelos;Santalla;Santa Eulalia de Oscos;33776;985 621 261 / 985 626 032 (Ayto);turismosantalla@yahoo.es;https://www.santaeulaliadeoscos.es;;;;;;No;SS y 01/07 a 30/09;Semana Santa: Jueves, viernes y sábado: 10:00 a 13:30 y 16:00 a 19:00 h. Domingo: 10:30 a 13:00 h. 01/07 a 30/09: Martes a sábado: 10:00 a 13:30 y 16:00 a 19:00 h. Domingos: 10:30 a 13:00 h Cerrado: lunes;;;;;;;43.258979,-7.020114;/documents/39908/44325/OficinaTurismo1.jpg/0230718f-905e-1f18-8f31-c19332cc4fc6?t=1674173326194;logo;;;;;;;;;;
Oficina de turismo de Teverga;Centro de Asturias;Avda. Doctor García Miranda;Avda. Doctor García Miranda;Samartín;Teverga;33111;985 764 293;serviciosgenerales@aytoteverga.org;https://www.tevergaturismo.es/;https://www.facebook.com/TevergaTurismo/;https://twitter.com/Tevergaturismo;https://www.instagram.com/tevergaturismo/;;;Si;;Sábados y domingos (atención en C/ Dr. García Miranda, 14): 10:30 a 13:30 h. Lunes a viernes: Mañanas (atención en el Ayuntamiento, Samartín) Tardes (atención Telecentro – C/ Manuel Lombardero, Samartín);;;;;;;43.16113,-6.097952;/documents/39908/44325/OficinaTurismo1.jpg/0230718f-905e-1f18-8f31-c19332cc4fc6?t=1674173326194;logo;;;;;;;;;;
Oficina de información turística de Viavélez;Occidente de Asturias;Puerto de Viavélez;Puerto de Viavélez;El Porto/Viavélez;El Franco;33750;690 844 915;turismo@elfranco.es;https://www.elfranco.es/;https://www.facebook.com/eventoselfranco?ref=py_c;;;;;No;;01/05 a 30/09: Sábados y domingos: 12:00 a 14:00 y 17:00 a 20:00 h.;;;;;;;43.563153,-6.840067;/documents/39908/47052/foto-OT-Viav%C3%A9lez.jpg/d9cc257e-df7b-6e9a-c9cf-3566fd16562e?t=1674175575573;Oficina de información turística de Viavélez;;;;;;;;;;
Centro de Recepción de Visitantes de Aller;Centro de Asturias;Complejo Cívico Deportivo;Complejo Cívico Deportivo;Caborana;Aller;33684;985 481 439;info@aller.es;https://www.aller.es/;facebook.com/turismo.aller;https://twitter.com/turismoaller?lang=es;instagram.com/turismoaller_asturias;;;Si;;Lunes a viernes: 9:30 a 14:30 h. y 16:00 a 18:30 h.  Cerrado: fines de semana, festivos, 24, 25, y 31 de diciembre, 1 y 6 de enero.;;;;;;;43.176085,-5.751731;/documents/39908/46938/CRVA.jpg/4e9904fe-a493-8f0f-ee08-35caa1b1fb66?t=1674175541146;Centro de Recepción de Visitantes de Aller;;;;;;;;;;
Punto de información turística de Vegadeo;Occidente de Asturias;Plaza del Ayuntamiento;Plaza del Ayuntamiento;A Veiga/Vegadeo;Vegadeo;33770;624 126 706 / 985 634 022 (Ayto);oficinaturismo@vegadeo.es;https://www.vegadeo.es/turismo;https://www.facebook.com/VegadeoTurismo;https://twitter.com/aytovegadeo?lang=es;https://www.instagram.com/vegadeoturismo/;;;No;;01/07 a 30/09: Martes a sábado: 10:00 a 14:00 y 16:00 a 19:00 h. Domingo: 10:00 a 14:00 h.;;;;;;;43.471359,-7.051957;/documents/39908/46965/Vaca-Silvallana_-Vegadeo.jpg/5c85093f-8f87-8172-896b-d531b6619b43?t=1674175550170;Oficina de Turismo de Vegadeo;;;;;;;;;;
Oficina de Turismo de Villaviciosa;Oriente de Asturias;Casa de los Hevia - C/ del Agua, 29;Casa de los Hevia - C/ del Agua, 29;Villaviciosa;Villaviciosa;33300;985 891 759;turvilla@lacomarcadelasidra.com;https://www.turismovillaviciosa.es/turismo/villaviciosa/asturias,www.lacomarcadelasidra.com;https://www.facebook.com/Comarcadelasidra/;https://twitter.com/comarcasidra;https://www.instagram.com/comarcadelasidra/;;;Si;;Otoño e invierno: Martes:  10:00 a 14:30  Miercoles a Sábado: 10:00 a 14:30 y 15:30 a 18:00 h. Cerrado: domingo y lunes Primavera y verano: Miércoles a sábado: 10:00 a 14:30 y 15:30 a 18:00 h. Domingos: 10:00 a 14:30 h. Cerrado: lunes y martes;;;;;;;43.482158,-5.436389;/documents/39908/47061/OT_Villaviciosa3.jpg/e19130a2-bd92-cc2e-7e6a-e5edf77a765c?t=1674175578370;logo;;Sin limitación;Si;Sin limitación;Sin limitación;Si;Si;Si;Gatos y similares;Recuerda que hay algunas personas que temen o les causan alergia los animales, por lo que te agradeceremos que lo entiendas y evites molestias o situaciones incómodas. Acuérdate siempre de llevar a tu mascota sujeta con correa y cerca de tí, e incluso si su tamaño lo permite es buena idea que la portes en brazos o con un transportin. Además, si muestra una actitud agresiva, o pertenece a una raza PPP, deberás ponerle el bozal. Es necesario que cumplas con la normativa vigente para la posesión y transporte de tu mascota en especial lo referente a su identificación y condiciones sanitarias. La tenencia y circulación de mascotas de razas o especies potencialmente peligrosas se rige por una normativa específica y más restrictiva, asegúrate de consultarla antes de visitarnos. Si tu mascota se hace pipí o caca recuerda que tendrás que recoger sus deposiciones. Deberás asegurarte de su integridad durante la visita y además vigilarás que no ocasione daños, o desperfectos, a las instalaciones o al entorno.
Oficina de turismo de Proaza;Centro de Asturias;Casa del Oso;Casa del Oso;Proaza;Proaza;33114;985 963 060 / 985 761 001 (Ayto);info@proaza.es;https://www.proaza.es/;;;;;;Si;;10:00 a 14:00 y 16:00 a 18:00 h.;;;;;;;43.250951,-6.017113;/documents/39908/44325/OficinaTurismo1.jpg/0230718f-905e-1f18-8f31-c19332cc4fc6?t=1674173326194;logo;;;;;;;;;;
Oficina de información turística de A Caridá;Occidente de Asturias;Aula Etnográfica 'A Bodega'. Complejo Cultural 'As Quintas';Aula Etnográfica 'A Bodega'. Complejo Cultural 'As Quintas';A Caridá;El Franco;33750;985 637 233;turismo@elfranco.es;https://www.elfranco.es/;https://www.facebook.com/eventoselfranco?ref=py_c;;;;;Si;;Invierno: Lunes y jueves: 10:30 a 13:30 y 16:30 a 19:30 h. Martes: 10:30 a 13:30 h. Miércoles: 16:30 a 19:30 h. Viernes: 12:30 a 13:30 y 16:30 a 19:30 h. Verano: Lunes y jueves: 10:00 a 14:00 y 18:00 a 20:00 h. Martes: 10:00 a 14:00 h. Miércoles: 17:00 a 20:00 h. Viernes: 12:30 a 14:00 h.;;;;;;;43.552242,-6.831834;/documents/39908/44325/OficinaTurismo1.jpg/0230718f-905e-1f18-8f31-c19332cc4fc6?t=1674173326194;logo;;;;;;;;;;
Oficina de turismo de Pesoz;Occidente de Asturias;Edificio de Servicios Múltiples, Planta baja;Edificio de Servicios Múltiples, Planta baja;Pezós/Pesoz;Pesoz;33735;985 627 334 / 985 627 000 (Ayto);museo@pesoz.es;;;;;;;;;Consultar;;;;;;;43.255612,-6.876789;/documents/39908/44325/OficinaTurismo1.jpg/0230718f-905e-1f18-8f31-c19332cc4fc6?t=1674173326194;Oficina de Turismo de Pesoz;;;;;;;;;;
Oficina de Información Turística de Onís;Oriente de Asturias;Finca Tullidi. CI Montañas Quebrantahuesos;Finca Tullidi. CI Montañas Quebrantahuesos;Benia de Onís;Onís;33556;616 641 687;turismo@concejodeonis.es;https://www.onisecoturismo.es/planifica/oficinas-de-turismo/;https://www.facebook.com/On%C3%ADs-Ecoturismo-104919608625472/;;https://www.instagram.com/onisecoturismo/;;https://www.youtube.com/channel/UCVbpNPGW-fqn-u8irbJIE8g;No;;01/04 a 31/10 (miércoles a domingo): 10:00 a 13:15 y 16:00 a 18:00 h. Cerrado: lunes, martes y 01/11/23 a 20/03/24;;;;;;;43.335074,-4.967056;/documents/39908/47100/Edificio-exterior-OIT.jpg/b88f4ec9-7396-948f-f967-5294814cc6b7?t=1674175589839;logo;;;;;;;;;;
Oficina de turismo de Navia;Occidente de Asturias;Avda. de la Dársena. Parque Alfonso Iglesias;Avda. de la Dársena. Parque Alfonso Iglesias;Navia;Navia;33710;985 473 795;turismo@ayto-navia.es;https://www.naviaturismo.com/Navia;https://www.facebook.com/TurismoNavia;https://twitter.com/NaviaTurismo;;;;No;;Consultar horarios aquí;;;;;;;43.541744,-6.723034;/documents/39908/44325/OficinaTurismo1.jpg/0230718f-905e-1f18-8f31-c19332cc4fc6?t=1674173326194;logo;;;;;;;;;;
Oficina de turismo de Salas;Occidente de Asturias;Palacio Valdés-Salas (Torre del Castillo) (Antesala del Aula del Prerrománico). Plaza de la Campa;Palacio Valdés-Salas (Torre del Castillo) (Antesala del Aula del Prerrománico). Plaza de la Campa;Salas;Salas;33860;985 830 988 / 985 830 004 (Ayto);turismo@ayto-salas.es;https://www.ayto-salas.es/;;;;;;Si;;Miércoles a sábado: 10:00 a 14:00 y 15:00 a 19:00 h.  Domingos: 10:00 a 13:00 h. Cerrado: lunes y martes;;;;;;;43.40921,-6.261714;/documents/39908/44325/OficinaTurismo1.jpg/0230718f-905e-1f18-8f31-c19332cc4fc6?t=1674173326194;logo;;;;;;;;;;
Oficina Municipal de turismo de Ribadedeva;Oriente de Asturias;C/ Celso Amieva;C/ Celso Amieva;Colombres;Ribadedeva;33590;985 412 235 / 654 535 423;turismo@ayuntamientoderibadedeva.es;https://www.ribadedeva.es;;;;;;No;;Información turística en el Centro Cultural "Casa de Piedra" (El Redondo s/n): lunes a viernes: 11:00 a 14:00 y 17:00 a 19:00 h.;;;;;;;43.374803,-4.540613;/documents/39908/44325/OficinaTurismo1.jpg/0230718f-905e-1f18-8f31-c19332cc4fc6?t=1674173326194;logo;;Hasta 15 Kg;No;1;1;Si;Si;Si;Sólo animales domésticos;Las mascotas eeben de ir siempre atadas.
Oficina de Turismo de Muros de Nalón;Centro de Asturias;Plaza del Marqués de Muros, 7 (bajos Casa de Cultura);Plaza del Marqués de Muros, 7 (bajos Casa de Cultura);Muros de Nalón;Muros de Nalón;33138;985 583 485;turismo@murosdenalon.es;https://www.murosdenalon.es/,http://www.destinobajonalon.es;https://www.facebook.com/turismobajonalon;https://twitter.com/DestinoBNalon;https://www.instagram.com/destinobajonalon/;;;No;;18/06 a 28/09: Martes a sábado: 10:30 a 14:00 y 16:00 a 19:00 h. Domingo: 11:00 a 14:00 h. Cerrado: lunes ;;;;;;;43.54324,-6.10543;/documents/39908/46920/foto-oficina.jpg/a71880dd-5964-65f7-e83f-ee470aca6b34?t=1691564253319;OT de Muros de Nalón;;Hasta 15 Kg;Si;2;2;;;No;;Perros siempre atados. Los PPP deben llevar bozal y correa.
Oficina de turismo de Pravia;Centro de Asturias;Primo de Rivera, Bajo;Primo de Rivera, Bajo;Pravia;Pravia;33120;985 821 204;oficinaturismo@pravia.es;https://www.praviaturismo.es/,;https://www.facebook.com/praviaturismo/;;https://www.instagram.com/praviadescansodereyes/;;;Si;;Martes a sábado:  11:00 a 14:00 y 16:00 a 19:00 h. Domingos:  10:00 a 14:00 h. Cerrado: lunes;;;;;;;43.490296,-6.115346;/documents/39908/44325/OficinaTurismo1.jpg/0230718f-905e-1f18-8f31-c19332cc4fc6?t=1674173326194;logo;;;;;;;;;;
Oficina de turismo de Gijón;Centro de Asturias;C/ Fermín García Bernardo (Casa Paquet);C/ Fermín García Bernardo (Casa Paquet);Gijón/Xixón;Gijón;33201;985 341 771;turismo@gijon.es;https://www.gijon.es/es,;;https://twitter.com/gijon;https://www.instagram.com/gijon/?hl=es;;;Si;;02/11 a 09/05: 10:00 a 14:30 y 16:30 a 19:30 h. Semana Santa: 10:00 a 20:00 h. 10/05 a 01/11 y P. Constitución: 10:00 a 20:00 h. 01/08 a 31/08: 10:00 a 21:00 h.  ;;;;;true;;43.545724,-5.664368;/documents/39908/47082/Casa-Paquet-16-3500x2333.jpg/0541ab4b-ce24-92d6-6bf6-0fcc1a101518?t=1674175584760;Oficina de turismo de Gijón;;;;;;;;;;Atados, con bozal las razas que la ley exige y respetando las indicaciones del personal.
Oficina de turismo de Allande;Occidente de Asturias;Párroco Luis Ochoa;Párroco Luis Ochoa;Pola de Allande;Allande;33880;985 807 291 / 985 807 004 (Ayto);turismo@allande.es,administracion@allande.es;https://www.allande.es/;;;;;;No;01/07 a 30/09 y SS;01/07 a 30/09: Martes a Sábado: 11:00 a 17:30 h. Domingos: 11:00 a 15:30 h. Cerrado: lunes  Semana Santa: 11:30 a 17:00 h.;;;;;;;43.272925,-6.60742;/documents/39908/44325/OficinaTurismo1.jpg/0230718f-905e-1f18-8f31-c19332cc4fc6?t=1674173326194;Oficina de Turismo de Allande;;;;;;;;;;
Oficina de turismo de Grandas de Salime;Occidente de Asturias;Casa de Cultura. El Salvador, 6. Planta baja;Casa de Cultura. El Salvador, 6. Planta baja;Grandas de Salime;Grandas de Salime;33730;985 627 350;oficinadeturismo@grandasdesalime.es;https://www.grandasdesalime.es/;;;;;;No;01/07 a 30/09;01/07 a 30/09: Martes a sábado: 11:00 a 14:00 h. Domingos: 10:30 a 14:30 h. Cerrado: lunes;;;;;;;43.219001,-6.876199;/documents/39908/1887966/3-Foto-OIT-Grandas-de-Salime.jpg/fc6f3b57-5030-71da-2769-b553654b55fc?t=1721037341482,/documents/39908/1887966/4-Foto-OIT--Grandas-de-Salime.jpg/cfcccf0d-c93e-8dce-eea2-6fe043bf29e7?t=1721037342831,/documents/39908/1887966/2-Foto-OIT-Grandas-de-Salime.jpg/cfb2cbd5-9ad4-40a7-0a09-43474b9ef102?t=1721037340116;OT Grandas de Salime,OT Grandas de Salime,OT Grandas de Salime;,,;;;;;;;;;
Oficina de turismo de Langreo;Centro de Asturias;Parque Dolores Fernández Duro;Parque Dolores Fernández Duro;Llangréu/Langreo;Langreo;33930;984 181 889;turismo@ayto-langreo.es;https://turismo.ayto-langreo.es/;;;;;;Si;;01/04 a 30/09: Martes a sábado: 10:30 a 14:00 y 16:00 a 18:30 h. Domingos: 10:00 a 15:00 h. Cerrado: lunes 01/10 a 31/03: Martes a viernes: 10:00 a 14:00 y 15:30 a 18:30 h. Sábados: 10:00 a 15:00 h. Cerrado: domingos y lunes  ;;;;;;;43.308256, -5.691059;/documents/39908/47040/ancho409xalto339.jpg/2ce17fbb-52ab-557c-658a-d060b14c7d41?t=1674175571224;Oficina de Turismo de Langreo;;;;;;;;;;
Oficina de turismo de Navelgas (Tineo);Occidente de Asturias;Bº de San Nicolás;Bº de San Nicolás;Navelgas;Tineo;33873;985 806 018;info@museodeloro.es;https://www.tineo.es/oficinas-de-turismo;https://www.facebook.com/MOANavelgas/?ref=bookmarks;https://twitter.com/MOroAsturias;https://www.instagram.com/museodelorodeasturias/?hl=es;;;Si;;Abierta: Martes (tarde) a domingo (mañana): 11:00 a 14:00 y 16:00 a 19:00 h. Cerrada: Domingo (tarde), lunes y martes (mañana) Tercer domingo de cada mes: 17 y 18 septiembre, 15 y 16 octubre, 19 y 20 noviembre, 17 y 18 diciembre. Festivos abiertos: 12/10, 01/11 (16:00 a 19:00 h.), 06/12 (16:00 a 19:00h.) y 08/12 Diciembre.;;;;;;;43.403299,-6.543859;/documents/39908/46968/ot-navelgas.jpg/62482751-43c6-92ea-152c-1b60469e1f99?t=1674175551371;Oficina de Turismo de Navelgas, Tineo;;;;;;;;;;
Oficina de turismo de Soto del Barco;Centro de Asturias;Plaza de Casimiro Vega, 3;Plaza de Casimiro Vega, 3;L' Arena;Soto del Barco;33125;985 588 013/ 985 586 558;turismo@sotodelbarco.com,info@sotodelbarco.com;https://www.sotodelbarco.com/turismo,https://destinobajonalon.es/;;;;;;No;;09/07 a 20/09: Miércoles a domingo: 10:30 a 14:30 y 16:30 a 19:30 h.;;;;;;;43.556977,-6.076235;/documents/39908/47034/Puerta_del_+Mar.jpg/7f6e38ad-57ce-5519-d0b8-c5858dad9062?t=1674175570047;Oficina Puerta del Mar en Soto del Barco;;;;;;;;;;
Centro de Información Turística del Principado de Asturias;Centro de Asturias;Plaza de la Constitución, 4;Plaza de la Constitución, 4;Oviedo/Uviéu;Oviedo;33009;984 493 563 / 984 493 560 / 902 300 202;citpa.oviedo@turismoycultura.asturias.es;https://www.turismoasturias.es;https://www.facebook.com/TurismoAsturias;https://twitter.com/TurismoAsturias;https://www.instagram.com/turismoasturias/;;;Si;;01/01 a 30/06 y 01/09 a 31/12: Lunes a viernes: 9:00 a 17:30 h. Fines de semana y festivos: 10:00 a 17:00 h. Semana Santa: 9:00 a 19:00 h. 01/07 a 31/08: 9:00 a 19:00 h. Cerrado: 24, 25 y 31 diciembre, 1, 5 (tarde) y 6 enero La oficina dispone de un bucle magnético para prestar servicio a personas usuarias de prótesis auditivas. ;;;;;true;;43.360384,-5.845033;/documents/39908/46962/CITPA_Oviedo.jpg/61c959a5-0c4d-0aaf-e60e-f8d6ce5d6150?t=1674175548380;Oficina de Información Turística del Principado de Asturias;;;;;;;;;;
Oficina de turismo de Quirós;Centro de Asturias;Carretera AS-229, P. K. 8,4 (Dentro del Museo Etnográfico);Carretera AS-229, P. K. 8,4 (Dentro del Museo Etnográfico);San Salvador;Quirós;33117;985 768 096 (Ayto.) / 985 768 160 (ADL);museodequiros@gmail.com,info@quiros.es;https://www.quiros.es/;;;;;;No;01/07 a 30/09;01/07 a 30/09: Miércoles a domingo: 11:00 a 14:00 y 15:30 a 19:30 h.;;Museo Etnográfico (previa reserva): Martes a domingo: 11:00 a 14:00 y 15:30 a 19:30 h. Reservas: 985 768 096 o 658 966 786;;;;;43.158079,-5.973436;/documents/39908/47091/ot-quiros.jpg/46f01334-0cd7-34db-8267-29cc382647bb?t=1674175586759;Interior del Museo Etnográfico de Quirós donde está la oficina;;;;;;;;;;
Oficina Municipal de Información Turística y atención al Peregrino;Centro de Asturias;C/ Marqués de Santa Cruz (El Escorialín);C/ Marqués de Santa Cruz (El Escorialín);Oviedo/Uviéu;Oviedo;33007;985 227 586;oficina.turismo@oviedo.es;https://www.visitoviedo.info;;;;;;Si;;Lunes a viernes: 10:00 a 17:00 h. Sábados, domingos y festivos: 10:00 a 14:30 y 15:30 a 17:00 h.;;;;;;;43.361690,-5.848373;/documents/39908/46929/Escorialin+y+Origen+del+Camino.jpg/37e6624e-0987-ed78-98d9-32b43cde24e9?t=1674175536701;Oficina Municipal de Información Turística y atención al Peregrino;;;;;;;;;;
Oficina de turismo de Caravia;;;;Prado;Caravia;33344;985 853 088;turismo@aytocaravia.com;https://www.aytocaravia.com/es/oficina-de-turismo;;;;;;No;01/07 a 31/08;Martes a Sábado: 11:15 a 14:00 y 16:00 a 18:30 h. Domingo: 11:15 a 15:00 h Cerrado: domingos tarde y lunes;;;;;;;43.462482,-5.188515;/documents/39908/47055/OficinaTurismo_Caravia.jpg/96e5b93a-71b0-9b77-7e64-22607f795aa0?t=1674175576305;Hórreo donde está situada la Oficina de Turismo de Caravia;;;;;;;;;;
Oficina de turismo de Cangas de Onís;Oriente de Asturias;Avda. Covadonga, 1;Avda. Covadonga, 1;Cangues d' Onís/Cangas de Onís;Cangas de Onís;;985 848 005;turismo@cangasdeonis.com;https://turismocangasdeonis.com;https://www.facebook.com/turismocangasdeonis;https://twitter.com/cangasdeonis_;https://www.instagram.com/turismocangasdeonis/?hl=es;;;Si;;01/07 a 15/09: 09:00 a 21:00 h.  16/09 a 15/10: 10:00 a 14:00 y 16:00 a 20:00 h. 16/10 a 30/06: Mates a sábado: 10:00 a 14:00 h. y 16:00 a 19:00 h. Domingo: 11:00 a 13:30 h.  Cerrado: lunes;;;;;true;;43.35062,-5.131614;/documents/39908/46980/OT_Cangas_de_Onis.jpg/51f5d950-1053-c994-80e0-44678f965586?t=1674175555187;OT Cangas de Onís (Casa Riera);;Sin limitación;Si;1;1;Si;Si;No;;Perros siempre atados. Los PPP sólo podrán entrar cuando la oficina no tenga otros visitantes, consultando.
Oficina de Turismo de Salinas;Centro de Asturias;Avda. Juan Sitges, 3;Avda. Juan Sitges, 3;Salinas;Castrillón;33405;985 501 865;oitsalinas@castrillon.es;https://www.castrillonturismo.es/castrillon/;https://www.facebook.com/turismodecastrillon/;;https://www.instagram.com/turismocastrillon/;;;;;Consultar;;;;;;;43.576916, -5.966140;/documents/39908/47073/Oficina-de-Informaci%C3%B3n-Tur%C3%ADstica-de-Salinas.jpg/a600fc2b-4f78-9d5d-77f3-4b23357ea8eb?t=1674175582447;Oficina de Turismo de Salinas (Castrillón);;;;;;;;;;
Oficina de turismo de Villanueva de Oscos;Occidente de Asturias;Ecomuseo del Pan. Santa Eufemia;Ecomuseo del Pan. Santa Eufemia;Vilanova;Villanueva de Oscos;33777;985 626 219 / 985 626 084 (Ayto);oficinadeturismo@villanuevadeoscos.es,administracion@villanuevadeoscos.es;https://www.villanuevadeoscos.es/;;;;;;;;Consultar;;;;;;;43.313938,-6.987702;/documents/39908/44325/OficinaTurismo1.jpg/0230718f-905e-1f18-8f31-c19332cc4fc6?t=1674173326194;logo;;;;;;;;;;
Punto información turística en Puerto de Vega;Occidente de Asturias;C/ El Muelle (antiguo quiosco);C/ El Muelle (antiguo quiosco);Puerto de Vega;Navia;33790;985 473 795;turismo@ayto-navia.es;https://www.naviaturismo.com/Navia;https://www.facebook.com/NaviaTurismo;https://twitter.com/NaviaTurismo;;;;No;;Consultar horarios aquí;;;;;;;43.563953, -6.646539;/documents/39908/47052/foto-OT-Viav%C3%A9lez.jpg/d9cc257e-df7b-6e9a-c9cf-3566fd16562e?t=1674175575573;Punto de Información Turística en Puerto de Vega, Navia;;;;;;;;;;
Oficina Municipal de turismo de Mieres;Centro de Asturias;Manuel Llaneza, 8;Manuel Llaneza, 8;Mieres del Camín;Mieres;33600;985 450 533;turismo@ayto-mieres.es;https://www.mieres.es/turismo/;;https://twitter.com/turismomieres;;;;Si;;Lunes a viernes: 8:00 a 14:00 h. Sábados: 10:30 a 14:00 y 16:00 a 19:30 h. Domingos: 10:00 a 15:00 h.;;;;;;;43.250228,-5.772985;/documents/39908/44325/OficinaTurismo1.jpg/0230718f-905e-1f18-8f31-c19332cc4fc6?t=1674173326194;logo;;;;;;;;;;
Oficina de turismo de Piloña;Oriente de Asturias;C/ Covadonga, 11 (Edificio de la Obra Pía);C/ Covadonga, 11 (Edificio de la Obra Pía);L'Infiestu;Piloña;33530;984 081 246;turismo@ayto-pilona.es;https://www.tierradeasturcones.com/;https://www.facebook.com/profile.php?id=61556942782505;;https://www.instagram.com/turismopilona/;;https://www.youtube.com/@pilonatierradeasturcones2425;Si;;Jueves a lunes: 9:30 a 16:30 h. Cerrado: martes y miércoles  ;;;Exposición Arqueológica de Homo Neanthertal Los 13 del Sidrón (Más información) Museo - Exposición de Relojería (Más información);;;;43.346177,-5.362134;/documents/39908/44325/OficinaTurismo1.jpg/0230718f-905e-1f18-8f31-c19332cc4fc6?t=1674173326194;logo;;Sin limitación;No;1;1;Si;Si;Si;Sólo animales domésticos;
Oficina de turismo de Llanes;Oriente de Asturias;Marqués de Canillejas (antigua Lonja de Pescado);Marqués de Canillejas (antigua Lonja de Pescado);Llanes;Llanes;33500;985 400 164;turismo@ayuntamientodellanes.com;https://www.llanes.es;https://www.facebook.com/llanesturismo;https://twitter.com/llanesturismo;https://www.instagram.com/turismollanes;;;Si;;Lunes a sábado: 10:00 a 14:00 y 16:00 a 18:30 h. Domingo: 10:00 a 14:00 h. 15/06 a 09/09 (todos los días): 10:00 a 14:00 y 16:30 a 19:30 h.;;;;;true;;43.419896, -4.752851;/documents/39908/47058/ot-llanes-3.jpg/16700e06-56d9-1e09-e96f-24b758c453eb?t=1716447961164,/documents/39908/47058/ot-llanes.jpg/cf6f6c7e-580c-ee07-8e57-637a1445bdf4?t=1716447956939;Oficina de Turismo de Llanes,Oficina de Turismo de Llanes;,;;;;;;;;;
Oficina Municipal de Turismo de Luarca-Valdés;Occidente de Asturias;Ramón Asenjo, 25;Ramón Asenjo, 25;Luarca/??uarca;Valdés;33700;985 640 083;turismo@ayto-valdes.net;https://www.turismoluarcavaldes.es/;https://www.facebook.com/luarcavaldesturismo;https://twitter.com/luarca_valdes;https://www.instagram.com/turismoluarcavaldes/?hl=es;;;Si;;Lunes a domingo: 10:30 a 13:45 y 16:00 a 19:30 h.  Cerrrado: 15 y 22 de Agosto ;;;;;;;43.542018,-6.535830;/documents/39908/47109/oficina-turismo1.jpg/07bbac82-a6a8-9049-2d62-e81259ef008e?t=1674175593129;Oficina de Turismo de ??uarca en el concejo de Valdés;;Sin limitación;Si;Sin limitación;;Si;Si;Si;Sólo animales domésticos.;No hay limitación de tamaño, siempre y cuando permanezcan atados en todo momento. En caso de ser P.P.P. deberán de permanecer atados y con bozal.      El dueño, deberá estar pendiente de su mascota.
Oficina de turismo de Coaña;Occidente de Asturias;Plaza Ayuntamiento;Plaza Ayuntamiento;Cuaña;Coaña;33795;679 810 007 (OT) / 985 978 401 (Castro);areadeturismo@ayuntamientodecoana.com;https://ayuntamientodecoana.com/;https://www.facebook.com/Ayuntamiento-de-COA%C3%91A-Asturias-103264927733674;;;;;Si;;Lunes a viernes: 11:00 a 15:00 h.;;;;;;;43.510915,-6.749257;/documents/39908/47013/Coa%C3%B1a.jpg/bd9a066d-3f79-4c5b-647c-44ad16c99bdd?t=1674175565541;Coaña;;;;;;;;;;
Oficina de turismo de Cudillero;Occidente de Asturias;Puerto del Oeste;Puerto del Oeste;Cudillero;Cudillero;33150;985 591 377 / 985 590 003 (Ayto);oficinaturismo@cudillero.es;https://www.turismocudillero.com/;;;;;;Si;;01/07 a 31/08 y SS Lunes a domingo: 10:00 a 14:00 y de 16:00 a 19:30 h.  01/06 a 30/06, 01/09 a 30/09, N y PN  Lunes a domingo: 11:00 a 14:00 y de 16:00 a 18:00 h.  Resto del año Lunes a sábado: 10:00 a 15:00 h.   ;;;;;;;43.56472,-6.147777;/documents/39908/46959/ot_cudillero.jpg/8d096a77-888f-5bb2-762a-ee8a9caa5a4e?t=1674175547634;Oficina de Turismo de Cudillero;;Sin limitación;Si;1;1;Si;;No;;Siempre atados en corto para no interferir con el resto de usuarios. PPP con bozal.
Oficina de turismo de Laboral Ciudad de la Cultura;Centro de Asturias;Luis Moya Blanco, 261;Luis Moya Blanco, 261;Cabueñes;Gijón;33203;985 185 820;recepcionlaboral@turismoycultura.asturias.es;https://www.turismoasturias.es;https://www.facebook.com/TurismoAsturias;https://twitter.com/TurismoAsturias;https://www.instagram.com/turismoasturias/;;;Si;;01/01 a 31/12: 10:00 a 14:00 y 15:30 a 20:00 h. Cerrada: 24, 25, 31 diciembre, 1, 5 (tarde) y 6 enero;;;;;;;43.524095,-5.613511;/documents/39908/47079/ot-laboral.jpg/8760e73d-6c08-3eec-d82d-a250ae6156b2?t=1674175584197;Oficina de Turismo de Laboral Ciudad de la Cultura;;;;;;;;;;
Oficina de turismo de Ribadesella;Oriente de Asturias;Paseo Princesa Letizia;Paseo Princesa Letizia;Ribadesella/Ribeseya;Ribadesella;33560;985 860 038;info@ribadesella.es;https://www.ribadesella.es/;https://www.facebook.com/ribadesellaturismo;https://twitter.com/RibadesellaTuri;https://www.instagram.com/ribadesellaturismo/;;;Si;;01/07 a 31/08: Lunes a domingo: 10:00 a 14:00 y 16:00 a 19:00 h. Cerrada: 6 y 7 agosto (Descenso Internacional del Sella) Resto del año: Martes a sábado: 10:00 a 14:00 y 16:00 a 18:00 h. Cerrado: domingo y lunes;;;;;true;;43.46221,-5.060257;/documents/39908/47088/ot-ribadesella.jpg/2dbd534c-1c40-2e98-d0b8-f297a1bdd963?t=1674175586115;logo;;;;;;;;;;
Oficina de Turismo de San Esteban;Centro de Asturias;C/ Casto Plasencia;C/ Casto Plasencia;San Esteban;Muros de Nalón;3313;985 580 379;turismo@murosdenalon.es;https://destinobajonalon.es/;https://www.facebook.com/turismobajonalon;https://twitter.com/DestinoBNalon;https://www.instagram.com/destinobajonalon/;;;No;;18/06 a 16/09: Lunes a domingo: 10:00 a 14:00 h. Cerrado: martes;;;;;;;43.553115, -6.086264;/documents/39908/47070/san-esteban-ok.jpg/68b86e71-d4f7-0a2e-7019-4d80f7bab343?t=1674175581531;OT San Esteban;;;;;;;;;;
Oficina de Turismo de Grado;Centro de Asturias;Palacio de Fontela. C/ Eduardo Sierra, 10;Palacio de Fontela. C/ Eduardo Sierra, 10;Grau/Grado;Grado;33820;636 909 088 / 985 750 804;turismo@ayto-grado.es;https://www.ayto-grado.es/oficina-de-turismo;https://www.facebook.com/ayto.grado.turismo/?locale=es_LA;;https://www.instagram.com/grado.turismo;;;Si;;Miércoles, jueves y viernes: 10:00 a 15:00 h. Sábado: 11:00 a 17:30 h. Domingo: 11:00 a 16:00 h. Cerrado: lunes y martes ;;Gratuitas: Casco histórico, casas de indianos, Museo Etnográfico y de Historia: Consultar aquí;;;;;43.388122,-6.068783;/documents/39908/46935/ot-grau.jpg/aefb18b5-5bef-90fe-c3cc-933e7aefd47d?t=1674175539097;Oficina de Turismo de Grado;;;;;;;;;;
Oficina de turismo de Noreña;Centro de Asturias;La Libertad, 12 Bajo;La Libertad, 12 Bajo;Noreña;Noreña;33180;684 633 514;turismo@aytonorena.es;https://www.aytonorena.es/;;;;;;;;Consultar;;;;;;;43.394056,-5.711015;/documents/39908/44325/OficinaTurismo1.jpg/0230718f-905e-1f18-8f31-c19332cc4fc6?t=1674173326194;logo;;;;;;;;;;
Oficina de turismo de Candás;Centro de Asturias;Braulio Busto (bajos Plaza de la Baragaña);Braulio Busto (bajos Plaza de la Baragaña);Candás;Carreño;33430;985 884 888;turismo@ayto-carreno.es;https://www.ayto-carreno.es/oficina-de-informacion-turistica;;;;;;No;01/06 a 30/09;Lunes a viernes: 10:00 a 14:00 y 17:00 a 20:00 h.;;;;;;;43.589235,-5.765846;/documents/39908/44325/OficinaTurismo1.jpg/0230718f-905e-1f18-8f31-c19332cc4fc6?t=1674173326194;Candás;;;;;;;;;;
Oficina de turismo de Castropol;Occidente de Asturias;Plaza del Ayuntamiento, 1;Plaza del Ayuntamiento, 1;Castropol;Castropol;33760;985 635 001;oficinadeturismo@castropol.es,turismo@castropol.es;https://www.castropol.es/;;;;;;No;;Verano (planta baja del Ayuntamiento): Martes a sábado: 10:30 a 13:30 y 17:00 a 19:00 h.  Domingo: 10:30 a 14:30 h. Resto del año (segunda planta del Ayuntamiento):  Lunes a viernes: 10:00 a 14:00 h.;;;;;;;43.526242,-7.027884;/documents/39908/44325/OficinaTurismo1.jpg/0230718f-905e-1f18-8f31-c19332cc4fc6?t=1674173326194;Panorámica de Castropol;;;;;;;;;;
Oficina de turismo de Avilés;Centro de Asturias;Ruiz Gómez, 21;Ruiz Gómez, 21;Avilés;Avilés;33402;985 544 325;turismo@aviles.es;https://avilescomarca.info/;https://www.facebook.com/turismoavilescomarca/;;https://www.instagram.com/turismoavilescomarca;;;Si;;01/11 hasta nuevo aviso:  Lunes a domingo: 10:00 a 15:00 h. Cerrado: 24, 25, 31 de diciembre, 1 y 6 de enero.;;;;;true;;43.555916,-5.920489;/documents/39908/47001/ot-aviles.jpg/09be28a0-acd7-2d7f-4b0d-127a8d1e8ef6?t=1674175562436;Avilés;;;;;;;;;;
Oficina de turismo de Taramundi;Occidente de Asturias;C/ Solleiro, 18;C/ Solleiro, 18;Taramundi;Taramundi;33775;985 646 877;oit.taramundi@gmail.com,turismo@taramundi.net;https://www.taramundi.es/;https://www.facebook.com/turismodetaramundi;;https://www.instagram.com/turismotaramundi/;;;Si;;01/03 a 31/10 (ambos inclusive): Martes a Sábado: 10:00 a 14:00 y 16:00 a 19:00 h. Domingos: 10:00 a 14:00 h. Cerrado: lunes 01/11 a 01/03: Martes a Sábado: 10:00 a 14:00 y 15:00 a 18:00 h. Domingos: 10:00 a 14:00 h. Cerrado: lunes;;;;;;;43.360352,-7.108135;/documents/39908/47028/IMG_20210612_135454.jpg/54998fc3-5c08-dce3-3b0a-e413410530ff?t=1674175568865;Oficina de turismo de Taramundi;;Sin limitación;Si;2;2;Si;Si;Si;;Las mascotas deben estar siempre atadas.
Punto de Información Turística de Felechosa;Centro de Asturias;El Parque;El Parque;Felechosa;Aller;33688;985 481 439;info@aller.es;https://www.aller.es;facebook.com/turismo.aller;https://twitter.com/turismoaller?lang=es;instagram.com/turismoaller_asturias;;;Si;;Sábados: 10:00 a 15:00 y 16:00 a 18:30 h. Domingos y festivos: 10:00 a 15:00 h.  Cerrado: 24, 25, y 31 de diciembre, 1 y 6 de enero.;;;;;;;43.103227,-5.507375;/documents/39908/46914/pit_felechosa.jpg/355a9342-5d28-a4d7-e2e6-1e2bef06a62f?t=1674175531842;Paisaje de Aller;;;;;;;;;;
Oficina de turismo de San Martín de Oscos;Occidente de Asturias;Ctra. Gral;Ctra. Gral;Samartín;San Martín de Oscos;33777;615 375 701;turismo@sanmartindeoscos.es;https://www.sanmartindeoscos.es/;https://www.facebook.com/Perdo.Oscos;;;;;;;Consultar;;;;;;;43.265394,-6.961954;/documents/39908/47049/sanmartindeoscos.jpg/f1038f55-d50a-cdfc-b1a6-24c4d3d8b426?t=1674175574935;Oficina de turismo de San Martín de Oscos;;Sin limitación;Si;Sin limitación;;Si;Si;Si;Cualquiera;Las mascotas deben de ir siempre con correa. 
Oficina de turismo de Arriondas;Oriente de Asturias;Lilián de Celis (Bajos del Ayuntamiento);Lilián de Celis (Bajos del Ayuntamiento);Arriondas/Les Arriondes;Parres;33540;985 841 712 / 985 840 024 (Ayto);turismo@ayto-parres.es;https://www.ayto-parres.es;;;;;;No;;25/03 a 14/10 Lunes y miércoles a sábado: 10:00 a 14:00 y 16:00 a 20:00 h. Martes y domingo: 10:00 a 14:00 h.;;;;;;;43.387273,-5.187877;/documents/39908/47031/OT+Arriondas.jpg/9d8c8ab5-0c1d-2737-4db7-81f3c03480e8?t=1674175569424;Oficina de turismo de Arriondas;;;;;;;;;;
Oficina de turismo de Tapia de Casariego;Occidente de Asturias;Casa de Cultura. Plaza del Mercado, 1;Casa de Cultura. Plaza del Mercado, 1;Tapia;Tapia de Casariego;33740;985 471 099 / 985 628 080 (Ayto);turismotapia@hotmail.com;https://www.tapiadecasariego.es/;;;;;;;;Consultar;;;;;;;43.570345,-6.944331;/documents/39908/44325/OficinaTurismo1.jpg/0230718f-905e-1f18-8f31-c19332cc4fc6?t=1674173326194;logo;;;;;;;;;;
